0	伊朗女运动员难民
2	气候变化如何影响俄罗斯
3	中国的三聚氰胺事件
4	东方航天发射场建造期间的腐败
5	参宿四超新星的危险
6	急剧增加的蝴蝶
7	火车上的自行车
8	中国媒体对拜登当选美国总统的报道
9	新冠病毒流行在线学习对儿童的影响
10	經濟制裁对 俄罗斯农业的影响
11	中国对美国退出巴黎气候协定的态度
12	冠状病毒下的中国经济
13	特斯拉在中国遇到的知识产权纠纷
14	以色列系列剧「德黑兰」
16	蜜蜂数量急剧减少
17	成都大熊猫繁育研究基地对当地旅游业的影响
18	中国中小学生近视率的情况
19	中国家居产品的甲醛超标的相关案件
20	中国艾滋病患者是否遭受歧视
21	俄罗斯向美国出口钛的制裁
22	俄罗斯儿童新冠病毒疫苗的接种
23	M87中的黑洞
24	俄罗斯的风能發电
25	俄罗斯对中国5G设备的依赖
26	乌克兰总统候选人泽连斯基
27	污染造成了长江流域内哪些物种濒危
28	识别 Ukok 公主
29	中国的海绵城市项目的建设情况
30	难民危机分裂欧洲
31	使用鐵氟龍對健康的風險
32	花生過敏的治療
33	气候变化对伊朗当前的影响。
34	西伯利亚的萨满教
35	美国西南部干旱
36	西伯利亚虎（东北虎）种群的规模
37	北极暖化
38	中美贸易战中国向美国出口的影响
39	中国人开采比特币加密货币与伊朗停电之间的关系
40	最有效的减肥法
41	伊朗足球国家队自 2016 年以来的胜利
42	伊朗房价上涨
43	改善俄罗斯北极地区的生活条件
44	俄罗斯过去十年的小麦收成。
45	中国濒危动物
46	朝鲜Haiphon-12火箭发射
47	梅根马克尔在奥普拉温弗瑞采访中的种族歧视指控
48	三峡工程对长江流域生态的影响及相关监测
49	纳瓦尔尼的参选总统
50	长江流域中华鲟的数量
52	新冠病毒流行下的北京旅游业
53	中亚和蒙古的腾格里信仰
54	俄罗斯的特殊新冠肺炎医院
55	新华社对中印边境冲突的报道
56	俄罗斯的极端天气
57	伊朗的火車事故
58	敦煌莫高窟的文物保护措施
59	哪些食物会增加烦躁或愤怒
61	用于智能系统的开放语义技术
62	哈梅内伊是否为汽油价格上涨辩护
64	为什么特朗普下令暗杀卡西姆·苏莱曼尼
65	預測火山爆發
66	中国新冠疫苗的接种率
67	人們當虛擬主播的原因
68	暗物质如何被发现的
70	电子烟的危害
71	比尔·盖茨的慈善工作
72	玩遊戲可以有效防治失智症
73	2019 年 11 月伊朗反政府抗议期间互联网断网。
74	伊朗和阿塞拜疆的经济关系
75	澳大利亚丛林大火对野生动物的影响
76	中国标准系统中的地方标准
77	高钙蔬菜
79	自动驾驶汽车的事故率
80	波音是否隐瞒了 737 Max 飞机的瑕疵
83	立陶宛的卡拉伊特人
84	上海的人口老龄化
86	多年来伊朗和土耳其经济关系
90	紅茶在伊朗的影響
92	在伊朗吃純素
93	雞肉食品召回
94	通过基因编辑治疗的疾病
96	香港抗議活動對旅遊業的影響
97	人工智能創造的藝術
98	人口負成長跟結婚率下降
99	土星六邊形
100	阿里巴巴裁員
101	美國的逆回購
102	气候变化对北极熊的生存环境的影响
103	人工智能在农业中的应用
104	在伊朗的荣誉谋杀
105	埃及所谓的「阿拉伯之盾」军演
106	美洲原住民與西伯利亚联系的 DNA 证明
107	俄罗斯的坦克发展
108	龍捲風襲擊阿拉巴馬
109	海洋的無氧死亡區
110	可口可樂在印度的發展
111	农业中的菌根研究
114	亞馬遜工會
115	亞馬遜流域的非法金礦
116	俄罗斯的跨性别者收到的对待
117	美国向伊朗转现金数十亿美元
118	伊朗任意拘留外国人和伊朗双重国籍国民
123	伊朗生产 Barekat 疫苗
125	关于伊朗向 9/11 的幸存者支付赔偿金的判決
126	格蕾塔·桑伯格在联合国的演讲
128	克隆貓
129	巴米揚的大佛像
130	夏威夷幾勞亞火山
131	被逮捕的偷獵者
132	火星上第一架直升机
133	鯨魚擱淺
134	數字人民幣對於美金的影響
135	走私仙人掌
136	朝鲜发射飞越北海道上空的洲际弹道导弹
